category,type,name,text,action,nextCategory,mental
stage1,,나,제발 제발 제발,ToRoom,,
stage1,나레이션,,(나는 버튼을 클릭했다. 잠시 후 챔피언 브금이 울려펴진다.),,,
stage1,,나,와 합격이다!,,,
stage1,나레이션,,(나는 감격에 겨워 잠시동안 가만히 화면을 들여다본다. 이 순간이 인생에서 제일 행복한 순간인 듯 하다. 이내 나는 핸드폰으로 이곳저곳 연락을 보낸다.),,,
stage1,,나,[야 나 한국대 합격했다. ㅋㅋ],,,
stage1,,친구1,[오 진짜? 야 축하한다. 한번 만나야지],,,
stage1,,친구2,[아니 내 주변에 한국대생이 생긴다고?],,,
stage1,,나,[당연히 만나야지. 내일 어떤데?],,,
stage1,나레이션,,(나는 남은 기간 친구들과 즐거운 시간을 보낸다. 앞으로 펼쳐질 시간에 비하여 너무나도 행복한 순간이다.),,,
stage1,,나,벌써 시간이 이렇게 지났나…..,ToPCRoom,,
stage1,나레이션,,(내일은 신입생 오리엔테이션의 날이다. 즐거운 시간은 왜 이렇게 빨리 지나가는 건지 궁금하다.),,,
stage1,,나,게임할 때나 놀 때는 시간이 왜 이렇게 빠르냐. 수능이 끝나면 힘든건 다 끝나는거 같았는데,,,
stage1,나레이션,,(나는 다가오는 현실이 믿기지 않는다. 큰 산을 하나 넘었더니 큰 산이 하나 더 기다리는 느낌이다.),ToRoom,,
stage1,,나,별거 없겠지. 다들 1학년때는 노는 학년이라고 한다잖아.,,,
stage1,나레이션,,(나는 어디서 별 이상한 소리를 들은 모양이다. 나중에 후회할 것이 뻔히 보인다.),,,
stage1,나레이션,,(한국대학교는 시간이 지나도 변함없이 학생들의 목표이다. 이내 나는 한국대학교의 정문에 발을 디딘다.),ToSchool,,
stage1,,나,와 내가 이 대학에 다니는 날이 오다니.,,,
stage1,나레이션,,(주변이 소란스럽고 다양한 신입생들이 이리저리 둘러보고 있다.),,,
stage1,,나,빨리 OT 장소로 가자.,,,
stage1,나레이션,,"(OT 장소에 도착하고 자리에 앉으니, 이내 영상과 함게 신입생 오리엔테이션이 시작한다.)",ToClass4,,
stage1,,나,내가 진짜 대학생이 된 게 실감난다.,,,
stage1,나레이션,,"(오리엔테이션이 진행되는 와중, 갑자기 선배 대학생이 나와서 발표를 시작한다.)",,,
stage1,,선배1,네 안녕하세요. 현재 한국대학교 3학년 재학중인 ….입니다. 반갑습니다.,,,
stage1,,선배1,다들 제가 갑자기 왜 나왔는지 궁금하시죠? ,,,
stage1,,선배1,다름이 아니라 이제 여러분들이 가장 궁금해하시는 부분이죠. 대학생활의 시작인 수강신청 부분에 대하여 설명하려고 나왔습니다.,,,
stage1,나레이션,,(신입생들이 동요한다. 나도 놀라며 집중하기 시작한다.),,,
stage1,,선배1,여기 일단 이번 학기 제 시간표입니다. 되게 깔끔하죠?,,,
stage1,나레이션,,"(월, 화, 수, 목 오후 수업에 금공강까지 완벽에 가까운 시간표이다. 학생들은 놀라고 부러워한다.)",,,
stage1,,선배1,"여러분 1학년때는 필수 과목도 많고, 같이 들어야 할 과목도 많아서 다들 비슷하실 겁니다. 다들 수강신청 올클하세요!",,,
stage1,나레이션,,"(자기 시간표를 자랑한 후, 수강신청 방법 설명 후 발표가 끝났다. 나에게 가장 유익한 정보였다.)",,,
stage1,,나,수강신청을 이렇게 하는 거였네. 생각보다 까다롭네.,,,
stage1,나레이션,,(나는 꼭 수강신청을 다 올클하겠다는 마음가짐을 한다.),,,
stage1,나레이션,,"(또다시 친구들과의 즐거운 시간을 보내고 난 후, 드디어 수강신청 당일 아침이 밝았다.)",ToRoad,,
stage1,,나,정확히 정각에 클릭하면 되는 거겠지? 좋아.,ToRoom,,
stage1,나레이션,,"(나는 자신이 들어야 하는 과목들을 다 담아놓고, 정각이 오기만을 기다린다.)",,,
stage1,끝,,,StartStage1,,
,,,,,,
s1_success,,나,와 좋았다! 시간표 꿀인데?,,,
s1_success,나레이션,,멘탈지수 상승,,s1_friend,50
,,,,,,
s1_fail,,나,하…. 1학년인데 벌써 이정도라고? 이러면 나중에는 어떡하냐.,,,
s1_fail,나레이션,,멘탈지수 하락,,s1_friend,-50
,,,,,,
,,,,,,
s1_friend,나레이션,,(수강신청을 맛본 나는 지금부터는 고등학교와는 사뭇 다른 환경에 긴장한다. 본인이 성인이 되었다는 사실을 실감한다.),,,
s1_friend,,나,십대와는 다르다. 이때까지처럼 철없이 살 수는 없다.,,,
s1_friend,나레이션,,(대학생활이 시작되기 전 마지막 결심을 하는 나. 이내 기숙사 신청과 부모님의 도움을 받아 등록을 무사히 마친다.),,,
s1_friend,나레이션,,(다행스럽게도 기숙사는 신입생들에게 배려를 잘 해준 느낌이다. 나는 이내 짐정리와 대학생활 준비를 시작한다.),ToRoom,,
s1_friend,나레이션,,(1학년 1학기의 첫날이 밝았다. 나는 한껏 긴장한 채로 교정에 발을 내딛는다.),ToSchool,,
s1_friend,,나,이거 진짜 이렇게 가도 되는 건가? 그냥 하루에 한두개만 들으면 끝이라고?,,,
s1_friend,나레이션,,(대학교의 강의방식에 아직 익숙해지지 않은 나. 하지만 나중에는 그 한두개 조차도 버거워진다는 사실을 아직 모르는 모양이다.),,,
s1_friend,나레이션,,"(강의실로 들어가는 나, 이내 오리엔테이션에서 만난 같은 학과 친구를 우연히 보게된다.)",ToClass1,,
s1_friend,,나,어 안녕하세요. 혹시 옆자리 앉아도 될까요?,,,
s1_friend,,대학친구1,아 네.,,,
s1_friend,나레이션,,(나는 이내 대학친구와 이것저것 얘기를 하면서 친해진다. 첫날이라 그런지 교수님도 강의를 거의 하지 않으셨다.),,,
s1_friend,,나,와 이게 벌써 끝이라고?,ToSchool,,
s1_friend,,대학친구1,그러게. 개꿀이네.,,,
s1_friend,,나,다음 수업 있음?,,,
s1_friend,,대학친구1,아니 오늘 수업 끝인데. 그럼 피방가실?,,,
s1_friend,나레이션,,(학기 첫날부터 피씨방에서 즐거운 시간을 보내는 학생들. 지금이 마냥 행복하다.),ToPCRoom,,
s1_friend,,나,야 겜 잘하더라. 다음에 또하자.,,,
s1_friend,,대학친구1,오케이. 잘들어가라.,,,
s1_friend,나레이션,,(나는 대학생활의 첫날을 이렇게 마무리지었다. 생각보다 별거없는 날이었다.),,,
s1_friend,,대학교수1,…..이상으로 오늘은 여기서 강의를 마치겠습니다.,ToClass1,,
s1_friend,,나,야 이거 과제 어떻게 하는데?,,,
s1_friend,,대학친구1,별거없다. 그냥 보고 대충 레포트한개만 제출하면 됨.,,,
s1_friend,,나,그래? 그럼 피방가실?,,,
s1_friend,나레이션,,(강의수업 후 피씨방이 일상이 된 나와 친구들. 시간은 하염없이 흘러간다.),ToPCRoom,,
s1_friend,,대학교수1,다들 일정 아시죠? 중간시험은 다음주에 예정대로 진행됩니다.,ToClass1,,
s1_friend,나레이션,,(중간시험이 다음주라는 것을 듣고 생각하는 나.),,,
s1_friend,나레이션,,(미래의 자신이 해줄 것이라는 안일함과 이제부터라도 시험공부를 해야한다는 압박감이 공존한다.),,,
s1_friend,,나,시간이 왜 이렇게 빨리 지나가지? 뭐 한 게 있었나?,ToRoom,,
s1_friend,나레이션,,(곰곰히 지난날을 돌이켜보는 나.),,,
s1_friend,나레이션,,"(한거라고는 강의출석하기, 과제제출하기, 피씨방가기, 그외에 가끔씩 친구들과 놀러가기 말고는 없는 것 같다.)",,,
s1_friend,나레이션,,"(즐거운 시간은 빨리 지나간다는 말처럼, 나의 대학생활 초창기는 친구들과의 즐거운 시간이 많았던것 같다.)",,,
s1_friend,,나,이제부터라도 공부할까? 벌써 다음준데. 아 하기 싫다.,,,
s1_friend,나레이션,,(힘든 고뇌에 빠진 나. 어떻게 할까?),,,
s1_friend,선택지2,,이제부터라도 공부한다.,,s1_study,
s1_friend,선택지2,,모르겠다. 조금만 더 논다.,,s1_dontStudy,
,,,,,,
s1_study,,나,그래도 여기까지 오는데 얼마나 고생했냐. 할땐 해야지.,,,
s1_study,나레이션,,(생각보다 빨리 정신을 차린 나. 대단하다.),,,
s1_study,나레이션,,"(갑작스럽게 시작하려니 힘들었지만, 시작이 반이라고 한번 시작하니 생각보다 수월하게 진행이 된다.)",,,
s1_study,나레이션,,(학창시절의 기억이 떠오르면서 자신감이 생긴다.),,,
s1_study,나레이션,,멘탈지수 소폭 상승.,,,10
s1_study,나레이션,,(시험날 당일),ToSchool,,
s1_study,,나,나름 최선을 다했다. 후회하지 않아.,,,
s1_study,나레이션,,(시험시간이 되었다. 나는 본인이 공부한 기억을 바탕으로 열심히 풀어낸다. 고등학교 시절이 떠오르는 느낌이다.),ToClass1,,
s1_study,,나,만족스럽다. 진짜 잘했어.,,,
s1_study,나레이션,,(나는 스스로가 정말 만족스럽다.),,s1_exam,
,,,,,,
s1_dontStudy,,나,며칠전에 하면 되겠지. 대충 보고 가자.,,,
s1_dontStudy,나레이션,,(잠시나마 즐긴 즐거운 시간을 끝내고 싶지 않은 나. 어쩌면 이때까지 수험생활을 보상받고 싶은 보상심리일지도 모른다.),,,
s1_dontStudy,,나,아니 거기서 왜 이니시를 하냐고!,ToPCRoom,,
s1_dontStudy,나레이션,,(시간가는 줄 모르고 즐거운 시간을 보낸다. 하지만 한켠에는 불편한 마음이 항상 자리하고 있다.),,,
s1_dontStudy,나레이션,,"(시험날 직전, 나는 멍하니 책상에 앉아서 지난날을 후회한다. 지금부터 공부하려니, 지금 공부해봤자 얼마나 달라지냐 생각한다.)",ToRoom,,
s1_dontStudy,나레이션,,(그렇게 생각하니 더 하기 싫어진다. 악순환이 반복된다.),,,
s1_dontStudy,나레이션,,멘탈지수 소폭 하락.,,,-10
s1_dontStudy,나레이션,,(시험날 당일),ToSchool,,
s1_dontStudy,,나,아 왜 벌써 시험날이지? 하루만 더 있었어도 열심히 했는데.,,,
s1_dontStudy,,나,"고등학교에서 맨날 시험쳤는데, 또 시험쳐야해?",,,
s1_dontStudy,나레이션,,(별 황당한 생각을 다하는 나. 본인 잘못은 생각도 못하고 시스템만 탓하는 한심한 행보를 보인다.),,,
s1_dontStudy,,나,진짜 싫다…..,,,
s1_dontStudy,나레이션,,(시험시간이 되었다. 나는 당연히 거의 모르는 문제밖에 없다. 하지만 빨리 나가기에는 너무나도 창피하다.),ToClass1,,
s1_dontStudy,,나,"한개도 모르겠는데, 아 공부 조금만 할껄!",,,
s1_dontStudy,나레이션,,(뭐라도 아는 문제 한문제라도 발견하기 위하여 필사적인 나. 하지만 현실은 냉혹하다.),,,
s1_dontStudy,,나,기말은 진짜 열심히 한다. 기말 열심히 안하면 진짜 인간이 아니다.,,,
s1_dontStudy,나레이션,,(스스로 인간 포기 선언을 해버리는 나. 과연 기말이 어떻게 될지 기대된다.) ,,s1_exam,
,,,,,,
s1_exam,나레이션,,(별다른 사건없이 평범하게 지나가는 시간. 나는 어느새 친구도 많이 사귀고 대학생활에 많이 익숙해졌다.),ToSchool,,
s1_exam,,나,"한 것도 없는데, 벌써 학기말이네. 원래 대학생활이 이런건가?",,,
s1_exam,나레이션,,(주변에서 항상 말하던 ‘대학만 가면 니 세상이야.’라는 말이 얼마나 어이없는 거짓말인지 깨닫는다. 내 세상은 커녕 달라진 것은 아무것도 없었다.),,,
s1_exam,,나,"대학에 와도 결국에는 내가 노력해야하고, 스스로 다 찾아서 해야하고, 또 시험치면서 헤쳐나가야 하고, 뭐가 달라진건데?",,,
s1_exam,나레이션,,(인생에 대하여 고뇌하는 나. 하지만 고뇌한다고 해서 내 세상이 달라지지는 않는다.),,,
s1_exam,,대학교수1,"기말이 얼마 남지 않았기 때문에, 다들 공부하고 있죠? 다시 말하지만 기말은 전범위입니다.",ToClass1,,
s1_exam,,나,아 그냥 중간시험 쳤던 범위는 빼주면 안되나?,,,
s1_exam,나레이션,,(나는 전범위라는 말이 너무나도 짜증난다.),,,
s1_exam,,대학친구1,"야, 공부하고 있냐? 나 이번에는 진짜 빡세게 해야한다. 중간 개망해서.",ToSchool,,
s1_exam,,대학친구2,나도 중간 잘 못쳐서 기말 열심히 해야됨.,,,
s1_exam,나레이션,,(어느 곳에서나 있는 ‘공부 다하고 결과도 좋으면서 말만 시험 못쳤다고 말하는 유형’이다.),,,
s1_exam,나레이션,,(이런 친구들 말만 듣고 나도 공부 안해야지 생각하면 정말 큰일이 날 수도 있다.),,,
s1_exam,,나,"중간 친지가 엇그제 같은데, 벌써 기말 칠때가 되었나.",,,
s1_exam,나레이션,,"(나는 요즘 대학생활이 익숙해져서 그런지, 초기의 열정과 의욕은 거의 없고 대충대충하자는 마인드가 강해졌다.)",,,
s1_exam,,나,"그래도 학점은 어느정도 받아야 좋은데, 기말은 열심히 해야겠지?",,,
s1_exam,나레이션,,(나는 기말시험은 정말 중요하다고 생각하고 있다. 다행인 부분이다.),,,
s1_exam,,대학친구1,야 오랜만에 술이나 마실래? 요즘 거의 안 마셨잖아.,,,
s1_exam,,나,(아 어떻게 하지? 오늘 술마시면 내일 해장해야하고 하루를 또 버리는데….),,s1_drink,
s1_exam,선택지2,,마신다.,,s1_dontDrink,
s1_exam,선택지2,,안 마신다.,,,
,,,,,,
s1_drink,,나,오케이. 마시자. 누구 옴?,,,
s1_drink,,대학친구1,그냥 니가 다 아는 친구들.,,,
s1_drink,나레이션,,(나와 친구들은 이내 술집에 들어가서 술을 마시면서 얘기를 나눈다.),ToBar,,
s1_drink,,대학친구3,……그래서 어제 걔랑 싸웠다고. 어떻게 해야할지를 모르겠다.,,,
s1_drink,나레이션,,(주변 친구들의 대화를 듣는 나. 얘기를 들으면서 술을 마시다 보니 괜히 울적해진다.),,,
s1_drink,,나,야 그런데 니들 졸업하면 뭐 먹고 살거냐?,,,
s1_drink,,대학친구1,갑자기 왜? 아직 졸업이후까지는 생각 안해봤는데.,,,
s1_drink,,나,아 그래? 알겠다. 나도 아직 생각안해봐서 그냥 물어봤다.,,,
s1_drink,나레이션,,"(현대의 대학생들의 가장 현실적인 질문. 우리가 왜 이렇게 생활을 하고 있는지, 이렇게 고생해서 나중에 뭘 할지에 대하여 끊임없이 고뇌하고 스스로 생각한다.)",,,
s1_drink,나레이션,,(나는 말없이 술만 마시다가 친구들과 헤어진다.),,,
s1_drink,나레이션,,"(다음날, 나는 숙취에 해장을 하러갔다.)",ToRoom,s1_vacation,
,,,,,,
s1_dontDrink,,나,나 오늘은 안 마실게. 그냥 속도 안좋고.,,,
s1_dontDrink,,대학친구1,아 그래? 알겠다. 다음에 시험끝나고 마시자.,,,
s1_dontDrink,나레이션,,"(나는 친구와 헤어지고 기숙사에 도착했다. 자리에 앉았지만, 공부가 잘되지 않는다.)",ToRoom,,
s1_dontDrink,,나,집중 안되네. 내일 하자.,,,
s1_dontDrink,나레이션,,"(다음날, 나는 개운하게 일어나 생활을 했다.)",,s1_vacation,
,,,,,,
s1_vacation,나레이션,,(순식간에 시간은 지나고 기말시험 날짜가 찾아왔다.),,,
s1_vacation,,나,그래도 중간보다는 열심히 했는데 괜찮겠지?,,,
s1_vacation,나레이션,,"(시험시간, 나는 아는 것들을 대충 푼다.)",ToClass1,,
s1_vacation,,나,야 한학기가 벌써 끝나네. 시험끝남? 피방 가실?,ToRoad,,
s1_vacation,,대학친구1,ㄱㄱ 가자. 나도 끝났다.,,,
s1_vacation,나레이션,,(피씨방에서 즐거운 시간을 보내는 나와 친구들. 시간은 금방 가고 또 새로운 학기는 금방 찾아올 것이다.),ToPCRoom,,
s1_vacation,나레이션,,"(방학기간, 나는 본가에 내려와 고민에 빠져있다.)",ToRoom,,
s1_vacation,,나,1학년 방학이 되게 중요하다던데. 지금 영어나 자격증 공부를 해두는 것이 좋지 않을까?,,,
s1_vacation,선택지2,,공부한다.,,s1_vac_study,
s1_vacation,선택지2,,"그래도 첫방학인데, 논다.",,s1_vac_dontStudy,
,,,,,,
s1_vac_study,,나,"나중에 또 후회하지 말고, 지금 미리미리 하자.",,,
s1_vac_study,나레이션,,"(엄청난 결심을 하는 나. 이렇게 공부하기가 쉽지 않은데, 대단하다.)",,,
s1_vac_study,,나,지금 당장 힘들고 그럴지 몰라도 나중에 절대 후회하지 않는다. 절대 후회안해.,,,
s1_vac_study,나레이션,,(나는 스스로를 다짐하면서 힘들지만 조금씩 공부를 해나간다. 확실히 미래에 도움이 될것이다.),,,
s1_vac_study,나레이션,,멘탈지수 소폭 상승,,s1_second,10
,,,,,,
s1_vac_dontStudy,,나,방학 많아. 시간 많아. 아직 1학년인데 벌써 고생하기는 싫다. 잘 놀면 나중에 후회안하잖아?,,,
s1_vac_dontStudy,나레이션,,(나는 스스로에게 최면을 걸고 지금 잘 놀아야 나중에 후회하지 않는다는 논리를 내세운다. 맞는 말이긴 하다.),,,
s1_vac_dontStudy,나레이션,,멘탈지수 소폭 하락,,s1_second,-10
,,,,,,
s1_second,나레이션,,(방학은 순식간에 지나간다.),ToRoom,,
s1_second,,나,진짜 시간빠르네. 벌써 내일이 수강신청이라고?,,,
s1_second,나레이션,,"(2학기 수강신청 전날, 나는 한번 경험했지만 다시 긴장상태가 된다.)",,,
s1_second,,나,솔직히 이거 너무 가혹한거 같아. 이걸로 한 학기 전체 스케쥴이 결정되는건 너무한거 아님?,,,
s1_second,나레이션,,(누가 들어주지도 않는데 푸념하는 나. 이런다고 내일의 결과가 바뀌진 않는다.),,,
s1_second,나레이션,,"(수강신청 당일, 나는 긴장한 채로 모니터 앞에 앉아 있다.)",,,
s1_second,,나,제발 잘해보자.,StartStage1,,
,,,,,,
,,,,,,
s1_afterGame,나레이션,,(어느덧 방학도 끝나고 2학기가 시작되었다. 나는 1학기만에 학교에 적응했는지 그럭저럭 잘 다니고 있는 중이다.),ToSchool,,
s1_afterGame,,나,아 팀플싫다. 이거 발표도 있는데 어떡함?,,,
s1_afterGame,나레이션,,(나는 이번 학기 과목들에 대하여 친구들과 푸념하는 중이다. 아무래도 팀플과 발표가 싫은가 보다. 좋아하는 학생이 어디 있겠냐만은.),,,
s1_afterGame,,대학친구1,야 그래도 팀플 그렇게 빡세진 않던데. 그냥 서로 역할정하고 시간정해서 그것만 하면됨.,,,
s1_afterGame,,나,그게 잘 안된다고. 니는 그러면 내가 맨날 ‘미니언 막타 잘치면 됨’이라고 말하는데 왜 아직까지 막타 잘 못침?,,,
s1_afterGame,,대학친구1,야 그렇게 말하니까 갑자기 팀플 되게 어려워보이네.,,,
s1_afterGame,나레이션,,(대학친구1의 반응에 할말을 잃어버린 나. 얘가 어떻게 한국대에 왔을까 잠깐 생각한다.),,,
s1_afterGame,,나,"됐고, 미니언 얘기 나오니까 갑자기 피방 가고싶네. 가실?",,,
s1_afterGame,,대학친구1,사실 가고 싶었던 거지?,,,
s1_afterGame,나레이션,,(그렇게 2학기 초반부터 또다시 피씨방을 가버리는 나와 친구들. 통금직전까지 피씨방에서 게임을 한다. 그렇게 시간이 지나간다.),ToPCRoom,,
s1_afterGame,나레이션,,(매일같이 수업에서 꾸벅꾸벅 조는 나와 친구들),ToClass2,,
s1_afterGame,,대학교수1,………그래서 ……… 되는 것입니다. 오늘 강의는 여기까지 하죠.,,,
s1_afterGame,,나,야 나 오늘 먼저 가볼게.,,,
s1_afterGame,나레이션,,(빠르게 친구들과 헤어진 나. 오늘은 지방에서 잠시 부모님이 올라오시는 날이다.),ToRoad,,
s1_afterGame,,나,엄마 여기다.,ToCafe,,
s1_afterGame,,어머니,"니는 개학한지 얼마되지도 않았는데, 얼굴살도 다 빠지고 삐적 말랐네. 평소에 밥 안먹냐?",,,
s1_afterGame,나레이션,,(항상 자식 걱정에 잠 못이루시는 부모님. 하지만 나는 부모님의 잔소리를 귀찮은듯이 받아넘긴다.),,,
s1_afterGame,,나,괜찮다. 잘 먹는다.,,,
s1_afterGame,나레이션,,(오랜만에 올라오신 부모님과 이런저런 얘기를 하는 나. 부모님은 한국대에 간 나이 자랑스럽다.),,,
s1_afterGame,,아버지,"힘든 일 있으면, 항상 말해라.",,,
s1_afterGame,,나,네.,,,
s1_afterGame,나레이션,,(부모님을 만나고 나니 잠시나마 자신을 되돌아보고 열심히 살 의지가 생기는 듯하다.),OffBG,,
s1_afterGame,나레이션,,(그렇게 별다른 일 없이 시간이 지난다.),ToSchool,,
s1_afterGame,,나,이번에는 시험범위가 별로 없네. 이러면 기말에 되게 빡세지는데….,,,
s1_afterGame,,대학친구1,시험범위 별로 없으면 피방가실?,,,
s1_afterGame,,나,아니 피방빌런임? 맨날 무지성 피방이야?,,,
s1_afterGame,,대학친구1,그래도 좋잖아.,,,
s1_afterGame,나레이션,,(할말을 잃은 나. 피방에서 즐거운 시간을 보낸다.),ToPCRoom,,
s1_afterGame,,나,중간고사 망했다….. 이러면 기말을 개빡세게 해야하는데.,ToSchool,,
s1_afterGame,나레이션,,(중간고사를 생각보다 망해버린 나. 마음을 다잡는다.),,,
s1_afterGame,,나,근데 어차피 오늘 중간고사 끝났잖아? 좀 놀아야지.,,,
s1_afterGame,나레이션,,(이때까지 놀았으면서 중간 끝났다고 또 노는 나. 하지만 즐거울때 시간은 빨리 가는 법이다.),,,
s1_afterGame,,대학친구3,야 오랜만에 노래방 갈래?,,,
s1_afterGame,선택지2,,간다.,,s1_sing,
s1_afterGame,선택지2,,안 간다.,,s1_dontSing,
,,,,,,
s1_sing,,나,그럴까?,,,
s1_sing,나레이션,,(대학친구들과 노래방에 가서 신나게 노래부르는 나. 잠시나마 스트레스가 풀리는 기분이다.),ToCoinSong,s1_beforeFinal,
,,,,,,
s1_dontSing,,나,"미안, 그냥 집에 가서 좀 쉴게.",,,
s1_dontSing,,대학친구3,아 그래? 알겠다.,,,
s1_dontSing,나레이션,,(대학친구들과 헤어지고 기숙사에 돌아온 나. 멍하니 책상에 앉아 멍때린다.),ToRoom,s1_beforeFinal,
,,,,,,
s1_beforeFinal,나레이션,,(평소처럼 강의듣고 과제하고 친구들과 놀다보니 어느덧 기말이 다가왔다.),ToSchool,,
s1_beforeFinal,,나,아니 1년이 이렇게 빨리 지나간다고? 벌써 기말이라고?,,,
s1_beforeFinal,,대학친구1,시간 빠르네. 시험공부 했냐?,,,
s1_beforeFinal,,나,해야한다. ㅋㅋ,,,
s1_beforeFinal,,대학친구1,하… 나도 해야한다.,,,
s1_beforeFinal,,나,웬일로 피방가자고 말안함?,,,
s1_beforeFinal,,대학친구1,피방가실?,,,
s1_beforeFinal,,나,아 미친놈아. 안간다.,,,
s1_beforeFinal,나레이션,,(친구와 실없는 대화를 하며 헤어진 나. 기숙사에 와서 생각한다.),ToRoom,,
s1_beforeFinal,,나,"기말까지 좀 남았으니까, 계획부터 짜자.",,,
s1_beforeFinal,선택지2,,오늘부터 한다.,,s1_plan,
s1_beforeFinal,선택지2,,귀찮다. 내일부터 한다.,,s1_noPlan,
,,,,,,
s1_plan,,나,일단 오늘은 전체적인 계획을 짜고….,,,
s1_plan,나레이션,,(마음먹으면 당장 시작하라는 말을 실천하는 나. 쉽지 않은 일을 해냈다.),,,
s1_plan,나레이션,,(차근차근 진행하는 나. 후회없는 일상을 보내는 중이다.),,,
s1_plan,나레이션,,멘탈지수 소폭 상승,,s1_final,10
,,,,,,
s1_plan,,나,내일하자. 자고 일어나서 꼭하자.,,,
s1_plan,나레이션,,(아직 깨닫지 못한 나. 항상 후회하면서도 같은 실수를 반복한다.),,,
s1_plan,,나,"아 귀찮은데, 내일할까?",,,
s1_plan,나레이션,,(큰일난 듯한 나. 대책이 필요하다.),,,
s1_plan,,나,아 진짜 지금 해야됨!,,,
s1_plan,선택지2,,지금 한다.,,s1_now,
s1_plan,선택지2,,시간많다. 내일하자.,,s1_notNow,
,,,,,,
s1_now,,나,지금이라도 하자.,,,
s1_now,나레이션,,(정신 차린듯한 나. 지금이라도 정신을 차린것에 다행이다.),,s1_final,
,,,,,,
s1_notNow,,나,모르겠다. 미래의 내가 해주겠지.,,,
s1_notNow,나레이션,,(시간이 지나면서 하루하루 더 불안해지는 나. 답이 없어 보인다.),,,
s1_notNow,,나,"놀아도 불안하고, 게임해도 불편하다. 아 짜증나는데 공부는 더 하기 싫어.",,,
s1_notNow,나레이션,,(나는 현실이 싫다.),,,
s1_notNow,나레이션,,멘탈지수 소폭 하락,,s1_final,-10
,,,,,,
s1_final,나레이션,,(시간이 지나고 기말시험날이 다가왔다.),ToSchool,,
s1_final,,나,어쨋든 이거 끝나면 1학년도 끝이다. 1년이 끝이라고.,,,
s1_final,,대학친구1,야 공부 많이 했냐? 난 망한듯 ㅋ,,,
s1_final,,나,모르겠다. 그냥 끝나고 피방이나 가자.,,,
s1_final,나레이션,,(1학년의 마지막 시험시간이 찾아왔다.),,,
s1_final,끝,,,EndStage,,
,,,,,,
,,,,,,
,,,,,,
,,,,,,
,,,,,,
stage2,알림,,"(생각없이 보내는 겨울방학, 나는 친구들과 놀면서 시간을 보내고 있다.)",ToCoinSong,,
stage2,대사,나,1년이 순식간에 지나가 버렸네….. 나는 1학년을 의미있게 보낸건가?,ToRoom,,
stage2,대사,나,"이제는 1년이 지났으니, 1학년처럼 시간을 낭비하면서 살 수 없어. 건설적이고 의미있는 활동이 필요해.",,,
stage2,알림,,(1년의 시간을 흐지부지 보낸 나. 스스로의 일상에 환기의 필요성을 느낀다.),,,
stage2,대사,나,"저번에 분명히 친구가 동아리에 들어가자고 했었는데, 당시에는 게임이 너무 재밌어서 별 생각을 하지를 못했다. ",,,
stage2,대사,나,하지만 이제 나도 동아리같은 곳에서 의미있는 시간을 보낼 필요가 있을 것 같아.,,,
stage2,알림,,(기존의 의미없던 학교생활에 활력을 더할 동아리 활동을 생각하게 된 나. 이제 대학생활에 적응을 잘하는 것 같다.),,,
stage2,대사,나,"방학이 끝나고 새학기가 시작되면, 바로 마음에 드는 동아리부터 들어가야겠어.",,,
,,,,,,
stage2,알림,,(새학년 새학기의 목표를 세운 나. 겨울방학이 지나가고 새로운 학기가 찾아왔다.),,,
stage2,알림,,"(나는 1년간 지내던 기숙사를 나와서, 부모님의 도움 아래 자취를 시작하였다.)",,,
stage2,대사,나,야 피방빌런 오랜만이다?,ToPCRoom,,
stage2,대사,대학친구1,어 그래 왔나?,,,
stage2,알림,,"(나는 절친과 간단한 인사를 하고, 피방에서 같이 게임을 하던 도중 바로 본론으로 들어간다.)",,,
stage2,대사,나,야 너 동아리 생각있냐?,,,
stage2,대사,대학친구1,"동아리? 생각해본적 없는데, 너가 들어가면 나도 같이 들어가지 뭐.",,,
stage2,대사,나,아 그래? 그럼 나랑 같이 동아리 한번 같이 찾아보자.,,,
stage2,대사,대학친구1,오케이 알겠다.,,,
stage2,알림,,(절친과 간단한 대화를 마치고 방으로 돌아온 나는 생각에 잠긴다.),ToRoom,,
stage2,대사,나,어떤 동아리를 드는게 좋지? 뭔가 가볍게 할 수 있는 그런 거면 좋겠는데….,,,
stage2,알림,,"(나는 동아리에 관련된 것을 이것저것 찾아보다가, 이내 귀찮은지 게임동영상을 보다가 잠이 든다.)",,,
,,,,,,
stage2,대사,대학교수3,%$%&##^&$#........,ToClass2,,
stage2,알림,,(2학년이 된 나는 이제 전공 과목들을 본격적으로 수강하기 시작한다. 나는 도저히 교수님이 무슨 말씀을 하시는지 이해를 할 수가 없다.),,,
stage2,대사,나,아니 저게 뭔 소리야? 이해가 안되네.,,,
stage2,대사,대학친구1,야 어차피 이해안되는거 그냥 출튀할래? 장실가는 척하면서 몰래 나가자.,,,
stage2,대사,나,걸리면 끝아니야?,,,
stage2,대사,대학친구1,알아보니까 저분 검사 잘 안하신다는데. 이럴때 한번 해봐야지.,,,
stage2,알림,,(꼬드김에 넘어간 나는 이내 수업에서 도망가 동아리 홍보 부스로 간다.),ToSchool,,
stage2,알림,,(동아리 홍보 부스에는 많은 학생들이 본인 동아리에 대하여 홍보중에 있다.),,,
stage2,대사,나,야 되게 많네? 어디 들어가야하나?,,,
stage2,대사,대학친구1,저기 어때? 게임동아리.,,,
stage2,대사,나,너는 게임밖에 생각이 없냐? 한국대 어떻게 왔지?,,,
stage2,대사,대학친구1,뭐든 하나에 열정이 있는건 좋은 거지.,,,
stage2,알림,,(뚝심있는 절친의 대답에 말문을 잃어버린 나. 친구의 대답에 따라 게임동아리로 가본다.),,,
stage2,대사,홍보학생1,동아리에 관심있어서 오셨나요?,,,
stage2,대사,나,네. 어떤 동아리인지 알고 싶어서요.,,,
stage2,알림,,(이내 나와 절친은 동아리에 관련하여 이것저것 얘기를 듣고 동아리에 가입한다.),,,
stage2,대사,홍보학생1,매주 하루 씩 정기모임 있으니 참고하시고요. 아 그리고 얼마후에 저희 동아리 MT있으니 오셔도 좋을것 같아요.,,,
stage2,대사,나,아 MT요? 네 알겠습니다.,,,
stage2,알림,,"(MT라는 말을 듣고 잠시 생각에 잠기는 나. 1학년 때 한번 가봤지만, 그때는 아는 사람도 거의 없고 소심했던지라 별로 기억에 남지는 않았다.)",OffBG,,
stage2,대사,나,"이제는 친한 친구도 있고, 한번 다시 가보면 재미있을거 같아.",,,
,,,,,,
stage2,알림,,"(평범한 일상이 지나간 뒤, MT날이 찾아왔다.)",ToRoad,,
stage2,대사,나,야 왔냐? 긴장된다.,,,
stage2,대사,대학친구1,뭘 MT 가지고 긴장하냐?,,,
stage2,대사,대학친구1,그리고 몇 번 동아리 나가보면서 친해졌잖아. 다들 좋으시던데.,,,
stage2,대사,나,"그냥 단체로 자는게 익숙하지가 않아서, 술취해서 진상부리진 않겠지?",,,
stage2,대사,대학친구1,걱정마라 너가 술취하면 내가 재워줄게.,,,
stage2,알림,,(실없는 얘기를 하면서 MT출발 집합장소로 모이는 나와 절친. 집합장소에는 동아리 학생들이 기다리고 있었다.),,,
stage2,대사,나,안녕하세요.,,,
stage2,대사,대학친구1,안녕하세요.,,,
stage2,대사,동아리장,어 왔어? 곧 출발할거야.,,,
stage2,대사,나,네 알겠습니다.,,,
stage2,알림,,"(잠시 후에, 예약버스가 도착하고 나와 일행은 동아리 MT장소로 출발하기 시작했다.)",,,
stage2,알림,,(동아리로 가는 버스에서 나는 별말없이 잠만 자다 숙소에 도착했다.),ToMT,,
stage2,대사,대학친구1,야 술 적당히 마시면서 하자고.,,,
stage2,알림,,(나와 그 일행들은 적당히 짐 정리를 한다.),,,
stage2,대사,동아리원, 얘들아 술가져와라.,,,
stage2,알림,,(술은 좋은 대화수단이다. 술이 들어가면 서로간의 대화를 편하게 진행한다.),,,
stage2,대사,동아리장,오랜만에 술게임이나 할까? 신입들도 왔는데.,,,
stage2,대사,동아리원,오 술게임 좋은데? 니들 잘할 수 있지?,,,
stage2,알림,,(1학년때 많이 해본 술게임이다. 나는 자신있다.),,,
stage2,대사,나,좋죠. 많이 해봤습니다.,,,
stage2,끝,,,StartStage2,,
,,,,,,
s2_success,대사,나,나 좀 잘하는데?,ToMT,,
s2_success,나레이션,,멘탈지수 상승,,stage2_afterGame,50
,,,,,,
s2_fail,대사,나,윽... 더는 못 마셔...,,,
s2_fail,나레이션,,멘탈지수 하락,,stage2_afterGame,-50
,,,,,,
stage2_afterGame,대사,나,으어어….,,,
stage2_afterGame,알림,,(술게임이 길어지자 다들 한두명씩 나가 떨어진다. 벌써 자고있는 사람들도 몇몇 보인다.),,,
stage2_afterGame,대사,나,아 더이상 못마시겠다…,,,
stage2_afterGame,알림,,(시간이 지나자 다들 그만하자는 분위기이다. 이렇게 밤이 지나갔다.),,,
stage2_afterGame,알림,,"(다음날, 다들 늦잠을 자고 일어났다.)",,,
stage2_afterGame,대사,동아리장,다들 이제 슬슬 가자. 어젯밤에 토한 인원 없지?,,,
stage2_afterGame,대사,동아리원,없습니다. 다들 적당히 마시던데요.,,,
stage2_afterGame,대사,동아리장,좋아. 곧 버스 오니까 다들 짐 정리 다하고,,,
stage2_afterGame,대사,나,드디어 끝났네. 술만 마시면 다음날이 너무 힘들어.,,,
stage2_afterGame,알림,,(돌아오는 버스안에서는 다들 조용했다.),ToRoad,,
stage2_afterGame,대사,나,하.. 힘들다. 뭔가 그냥 오늘 아무것도 하지말자.,,,
stage2_afterGame,알림,,"(그 후, 시간은 빠르게 지나갔다. 나는 동아리 활동에 익숙해지고 학업도 그럭저럭 해나갔다.)",ToRoom,,
stage2_afterGame,대사,나,하루하루가 왜 이렇게 빨리 지나가지?,ToLibrary,,
stage2_afterGame,대사,대학친구1,야 그건 네가 맨날 놀아서 그렇지.,,,
stage2_afterGame,대사,나,그런데 너도 나랑 같이 놀잖아.,,,
stage2_afterGame,대사,대학친구1,ㅇㅇ 그래서 나도 시간 빨리 지나감.,,,
stage2_afterGame,대사,나,넌 좋겠다. 마음 편해서.,,,
stage2_afterGame,대사,대학친구1,욕심을 버리면 돼.,,,
stage2_afterGame,대사,나,그게 말처럼 쉽냐….,,,
stage2_afterGame,알림,,(나는 요즘 삶이 힘들었다. 자신의 앞에 놓인 험난한 길이 무서웠다. 아무것도 이루지 못할 것 같은 자신이 싫었다.),,,
stage2_afterGame,대사,나,"이대로는 안되는데, 1학년때처럼 지내다가는 큰일난다. 뭐라도 해야해.",,,
stage2_afterGame,대사,나,"당장 곧 시험인데, 공부도 집중안되고 미치겠네.",,,
stage2_afterGame,알림,,(나는 공부를 하는둥 마는둥 한다.),,,
stage2_afterGame,대사,대학친구1,야 요즘 왜 그러냐? 많이 힘들어 보인다. 피방이나 가실?,,,
stage2_afterGame,선택지2,,간다,,s2_pc_go,
stage2_afterGame,선택지2,,안 간다,,s2_pc_dontGo,
,,,,,,
s2_pc_go,알림,,"(나는 친구들과 피씨방에 가지만, 마음은 계속 불편하다.)",ToPCRoom,,
s2_pc_go,알림,,멘탈지수 소폭 하락,,s2_vacation,-10
,,,,,,
s2_pc_dontGo,대사,나,"아니, 오늘 별로 가기 싫네.",,,
s2_pc_dontGo,대사,나,"그냥, 뭘 해야 할거 같은데 하기는 싫고 편하게 살고 싶은데 그건 힘들고…",,,
s2_pc_dontGo,대사,대학친구1,야 원래 지금 시기가 제일 힘든 시기야. 너 방금 힘들지 않은 시기가 없다고 생각했지?,,,
s2_pc_dontGo,알림,,(나는 말을 꺼내려다가 말문이 막힌다. 친구는 계속 말하기 시작한다.),,,
s2_pc_dontGo,대사,대학친구1,"야. 대학오기 전까지 그렇게 열심히 고생했는데, 막상 대학 오니까 별로 바뀐것도 없어.",,,
s2_pc_dontGo,대사,대학친구1,"물론 그때와 다르게 성인이고, 바뀐 것도 분명히 있겠지. 하지만, 압박감이 짓누르고 있잖아.",,,
s2_pc_dontGo,대사,대학친구1,"뭘 해도 끝이 안보이는 일들이나, 미래에 대한 막막함, 잃어버린 자신감 안그래?",,,
s2_pc_dontGo,알림,,(나는 갑자기 진지해진 친구를 깜짝 놀란듯이 바라본다.),,,
s2_pc_dontGo,대사,나,갑자기 왜 이러냐? 2학년되더니 너도 이상해졌냐?,,,
s2_pc_dontGo,대사,대학친구1,아니야. 난 별로 바뀐게 없는데? 바뀐건 너잖아?,,,
s2_pc_dontGo,대사,나,……..,,,
s2_pc_dontGo,대사,대학친구1,사람은 원래 지금 이 순간이 제일 힘들어. 남이 하는게 원래 제일 편해보인다고 하잖아?,,,
s2_pc_dontGo,대사,대학친구1,그런데 그렇게 걱정만 하다가는 끝이 없어 친구야.,,,
s2_pc_dontGo,대사,대학친구1,지금이 너무 힘들면 잠시 부담감을 내려놓고 아주 작은 일부터 천천히 해보는게 어떨까?,,,
s2_pc_dontGo,대사,나,………난 솔직히 깜짝 놀랐다.,,,
s2_pc_dontGo,알림,,(나는 피방빌런이 이런 말을 할 수 있을지 몰랐다. 친구를 다시 돌아보게 되었다.),,,
s2_pc_dontGo,대사,대학친구1,지금이 진짜 좋을 때다. 항상 지금이 인생의 황금기라고 생각하면서 살라고.,,,
s2_pc_dontGo,대사,대학친구1,남이랑 비교하면서 스스로 인생을 망치지마. 아무도 네 인생 안살아줘. 네가 주인공이라고.,,,
s2_pc_dontGo,대사,나,…..고맙다 친구야.,,,
s2_pc_dontGo,알림,,(나는 친구의 말을 듣고 자신을 다시 돌아보게 되었다.),,,
s2_pc_dontGo,알림,,멘탈지수 소폭 상승,,,10
s2_pc_dontGo,대사,나,이때까지가 만족스럽지 못하면 이제라도 바꾸면 되지.,,,
s2_pc_dontGo,알림,,(변함없이 시간은 흐른다. 하지만 지금까지와는 다르게 나는 심경의 변화가 있는 듯하다.),ToRoom,,
s2_pc_dontGo,대사,나,스스로 불행하게 살지말자고.,,,
s2_pc_dontGo,알림,,(나는 아주 작은 일부터 서서히 달라질 것이다.),,,
s2_pc_dontGo,대사,나,지금까지 항상 바쁘게만 살아왔잖아. 조금은 돌아볼 시간이 필요하다고.,,,
s2_pc_dontGo,알림,,(나는 진지하게 시험공부를 하였다.),,,
s2_pc_dontGo,대사,대학친구1,야 시험 잘쳤냐? 괜찮았어?,ToClass2,,
s2_pc_dontGo,대사,나,야 나 진짜 열심히 한거 같아. 잘친듯?,,,
s2_pc_dontGo,대사,대학친구1,ㅋㅋ 그래? 그럼 오늘 오랜만에 피방이나 갈까?,,,
s2_pc_dontGo,대사,나,오 그래. 가자.,,,
s2_pc_dontGo,알림,,(나는 피씨방에서 게임을 해도 평소와 같은 그런 찝찝한 기분이 들지 않았다.),ToPCRoom,,
s2_pc_dontGo,알림,,(아마 스스로 열심히 했다는 무의식에서 기분이 좋은 듯하다.),,s2_vacation,
,,,,,,
s2_vacation,알림,,(시간이 지나고 방학이 되었다.),ToRoom,,
s2_vacation,대사,나,벌써 방학이네…. 그래도 예전처럼 쫓기는 느낌이 없어.,,,
s2_vacation,대사,나,그나저나 이번 방학때는 뭘하지?,,,
s2_vacation,선택지2,,아르바이트,,s2_vacation_1,
s2_vacation,선택지2,,자기개발,,s2_vacation_2,
,,,,,,
s2_vacation_1,대사,나,방학때는 아르바이트라도 하자.,,,
s2_vacation_1,알림,,"(아르바이트를 알아보는 나, 뭘 할지 고민중이다.)",,,
s2_vacation_1,대사,나,그냥 편의점 알바나 할까…..,,,
s2_vacation_1,알림,,(편의점 야간 알바를 선택해버린 나),,,
s2_vacation_1,대사,나,어서오세요,ToStore,,
s2_vacation_1,알림,,"(야간이라 사람들은 거의 없지만, 가끔 오는 진상들은 힘들다.)",,,
s2_vacation_1,대사,나,참자….. 다 사회생활이야,,,
s2_vacation_1,알림,,(그렇게 알바를 하며 한층 성장한다.),,,
s2_vacation_1,알림,,멘탈지수 소폭 상승,,s2_afterVacation,10
,,,,,,
s2_vacation_2,대사,나,그래도 공부해야지,,,
s2_vacation_2,알림,,"(자기개발을 결심하는 나, 하지만 결심만 하고 빈둥거리다 방학이 지나갔다.)",,,
s2_vacation_2,알림,,멘탈지수 소폭 하락,,s2_afterVacation,-10
,,,,,,
s2_afterVacation,대사,대학친구1,야 방학 잘지냈냐?,ToSchool,,
s2_afterVacation,대사,나,그럭저럭. 그냥 지냈다.,,,
s2_afterVacation,대사,대학친구1,그래? 난 그냥 놀았다.,,,
s2_afterVacation,대사,나,어 그럴 줄 알았다.,,,
s2_afterVacation,대사,대학친구1,그래서 이번 학기 다짐은 뭔데? 매번 다짐하고 오잖아.,,,
s2_afterVacation,대사,나,별거 없는데? 그냥 이제 너무 빡빡하게 생각 안하려고.,,,
s2_afterVacation,대사,대학친구1,오 그래?,,,
s2_afterVacation,알림,,(벌써 4학기째 지내고 있는 나와 절친. 이제는 대학생활에 대하여 아무런 감흥이 없다.),,,
s2_afterVacation,대사,나,고등학교 때는 대학생활을 그렇게 기대했는데….,,,
s2_afterVacation,대사,대학친구1,ㅋㅋ 똑같지?,,,
s2_afterVacation,대사,나,여기 오니까 사람 사는게 다 똑같다고 느낀다…,,,
s2_afterVacation,알림,,(하루하루 실없는 소리와 강의를 들으며 지내는 나와 절친.),,,
s2_afterVacation,대사,나,내가 진짜 하고 싶은 게 뭐지? 난 이 공부를 진심으로 좋아서 선택한걸까?,ToLibrary,,
s2_afterVacation,대사,나,나중에 뭘 먹고 살게 될까? 남들처럼 커서 사회인이 되면 자연스럽게 하게 될까?,,,
s2_afterVacation,알림,,(평소 생각이 많은 나. 스스로에 관한 고뇌를 많이 한다.),,,
s2_afterVacation,대사,나,그냥 이렇게 살아가는 건가?,,,
s2_afterVacation,대사,나,"난 하고싶은 일이 많은데, 하고싶은 일만 하면서 살 수는 없잖아…",,,
s2_afterVacation,대사,나,잡생각 그만하자. 나중에 먹고 살려면 지금 참고 해야지. 성인이잖아.,,,
s2_afterVacation,알림,,(나는 이렇게 되뇌이면서 하기 싫은 전공공부를 한다.),,,
s2_afterVacation,대사,대학친구2,야 시험 잘쳤냐? 끝남?,ToSchool,,
s2_afterVacation,대사,나,어 그럭저럭? 1학년때보다는 잘한듯.,,,
s2_afterVacation,대사,대학친구2,오랜만에 술이나 마시러 갈까? 다른친구들도 다 옴.,,,
s2_afterVacation,선택지2,,마신다,,s2_drink,
s2_afterVacation,선택지2,,마시지 않는다,,s2_dontDrink,
,,,,,,
s2_drink,알림,나,그래. 벌써 또 1년 지나가네.,,,
s2_drink,알림,,(나는 가끔 다른 친구들과 마시던 술집으로 갔다.),ToBar,,
s2_drink,대사,나,야 다들 그대로네?,,,
s2_drink,알림,,"(평소 자주 만나지 않아도, 왠지 모르게 친근하게 느껴지는 친구들이다.)",,,
s2_drink,알림,,(그들은 자연스럽게 술을 마시면서 이런저런 이야기를 시작한다.),,,
s2_drink,대사,대학친구1,야 그래서 이번에 내가 티어 올렸다니까?,,,
s2_drink,대사,대학친구4,거의 뭐 게임폐인이네. 왜캐 높냐?,,,
s2_drink,알림,,(나는 친구들의 싫없는 대화를 가만히 듣기만 한다.),,,
s2_drink,대사,대학친구2,야 기말도 끝났네. 우리 이제 3학년이야!,,,
s2_drink,대사,나,그러네. 벌써 절반이나 지났네…..,,,
s2_drink,대사,대학친구2,야 왜 이렇게 힘이 없냐? 힘내라 임마.,,,
s2_drink,대사,나,어? 별거 아니다. 힘 없는거 아니야 ㅋㅋ,,,
s2_drink,알림,,(말없이 술자리 시간이 지나간다.하지만 나는 위로를 받아 기분이 풀어진다.),,,
s2_drink,알림,,멘탈지수 소폭 상승,,stage2_outro,10
,,,,,,
s2_dontDrink,대사,나,아니 나는 별로 기분이 좀 그렇네.,,,
s2_dontDrink,알림,,(친구의 술권유를 거절한 나는 집에 혼자 돌아온다. 괜히 기분이 울적하다.),ToRoom,,
s2_dontDrink,알림,,멘탈지수 소폭 하락,,stage2_outro,-10
,,,,,,
stage2_outro,알림,,(별다른 사건없이 겨울방학이 시작되었다.),ToRoom,,
stage2_outro,대사,나,좋은 시간은 왜 이렇게 빨리 지나갈까,,,
stage2_outro,알림,,"(항상 새로운 다짐을 하는 것이 사람이지만, 다짐 앞에 무너지는 것도 사람이다.)",,,
stage2_outro,알림,,(그 순간을 이겨내야 한단계 성장하는 것이다.),,,
stage2_outro,알림,,(겨울방학이 빠르게 지나갔다.),,,
stage2_outro,끝,,,EndStage,,
,,,,,,
,,,,,,
,,,,,,
,,,,,,
,,,,,,
stage3,나레이션,,(벌써 대학생활의 절반이 지나간 나. 이제는 더 이상 초심자가 아니다.),ToRoad,,
stage3,나레이션,,(나는 대학생활을 하면서 스스로 깨우친 것이 있었다.),,,
stage3,,나,고등학교 때처럼 나에게 맞춰주지 않는다.,,,
stage3,,나,"내가 시도하지 않으면 그대로 끝이고, 다 스스로 알아내야해.",,,
stage3,나레이션,,(나는 항상 하는 것처럼 새로운 결심을 하고 다시 학기를 시작한다.),,,
stage3,나레이션,,(무슨 일인지 친구가 학기 시작부터 진지하다.),,,
stage3,,대학친구1,야 나 휴학했다.,,,
stage3,,나,아니 왜? 갑자기?,,,
stage3,,대학친구1,그냥 나도 혼자서 고민해보다가 결정한 거야.,,,
stage3,,나,그럼 언제 복학하는데?,,,
stage3,,대학친구1,1년정도 쉴 거 같아.,,,
stage3,,나,그러냐… 알겠다.,,,
stage3,나레이션,,(절친과 헤어진 나는 혼자 가만히 생각에 잠긴다.),,,
stage3,,나,생각해보니까 내가 이상한가? 다들 한번쯤은 휴학하던데.,,,
stage3,,나,"아니다. 이미 학기가 시작했는데, 이젠 아니야.",,,
stage3,나레이션,,(항상 같이 지내던 절친이 없으니 너무나도 허전하다.),,,
stage3,,나,3학년 올라오니까 해야 할게 너무 많네.,,,
stage3,나레이션,,"(학업 뿐만이 아니라, 부수적인 요소들이 너무 많은 대학생. 하지만 한탄만 할 순 없다.)",,,
stage3,나레이션,,(학생들 사이에서 힘들다고 소문난 강의를 신청한 나. 핵심과목이라 어쩔 수 없다.),ToClass3,,
stage3,,나,진짜 팀플 너무 무섭다.,,,
stage3,나레이션,,(이 과목은 팀플레이로 악명높다. 팀플레이의 비중이 높기 때문에 너무 신경이 쓰인다.),,,
stage3,,대학교수3,….그래서 오늘 강의는 여기까지 입니다.,,,
stage3,,나,다음 시간부터 팀 만들고 바로 하는 건가?,,,
stage3,나레이션,,(나는 초창기 강의를 듣고 집에 돌아와 생각한다.),ToRoom,,
stage3,,나,항상 같이 밥 먹던 친구 휴학하니까 되게 허전하네.,,,
stage3,나레이션,,(마음이 싱숭생숭한 나는 학기 초창기를 어영부영 보낸다.),,,
stage3,,나,이제 슬슬 팀플 시작하는데…. 너무 긴장된다.,,,
stage3,나레이션,,(여느 때에 같이 강의실에 온 나. 교수님게서 들어오고 강의가 시작된다.),ToClass3,,
stage3,,대학교수3,…….그래서 이제 팀을 만들고 다들 팀플을 진행할 겁니다.,,,
stage3,,대학교수3,팀원은 자동으로 배정될 겁니다.,,,
stage3,,나,…..집에 가서 생각하자. 어떻게든 되겠지.,,,
stage3,나레이션,,(집에 돌아온 나는 강의공지를 확인한다.),ToRoom,,
stage3,,나,다 모르는 사람들이네….,,,
stage3,,나,뭐지? 안본 메시지가…,,,
stage3,,팀원1,[안녕하세요! 이번에 같은 조에 배정된 xxx라고 합니다! 혹시 괜찮으시면 단톡방에 초대드릴게요.],,,
stage3,,나,벌써 연락이 와? 빠르네…..,,,
stage3,나레이션,,(나는 빠르게 단톡방에 들어갔다. 단톡방에서는 다들 서로 인사를 나누고 있다.),,,
stage3,,나,안녕하세요.,,,
stage3,,팀원2,안녕하세요.,,,
stage3,나레이션,,(나는 나서기 좋아하는 성격이 아니다. 조용히 할말만 한다.),,,
stage3,,나,이제 시작이네.,,,
stage3,나레이션,,"(대학생활의 꽃, 조별과제이다. 학생들은 스스로 문제해결에 대한 답을 생각하고 도출해야한다.)",,,
stage3,나레이션,,(나와 팀원들은 간단하게 자기소개를 한다.),,,
stage3,,나,(다들 어떻게 하려나),,,
stage3,,팀원1,저희 그럼 이제 각자 역할같은거 나눠볼까요?,,,
stage3,,팀원1,다들 어떤 게 좋으세요??,,,
stage3,,팀원2,저는 자료조사 할게요.,,,
stage3,,팀원3,저는 ppt작성 하겠습니다.,,,
stage3,,나,(어? 왜 이렇게 다들 빠르지?),,,
stage3,,팀원1,음… 그럼 거의 다 정해진거같은데…. 학우분은 그럼 뭐 하실래요??,,,
stage3,,나,어… 남은 게 발표인가요??,,,
stage3,,팀원1,발표해주신다면 정말 감사하죠.,,,
stage3,,나,자신은 없지만 열심히 해보겠습니다….,,,
stage3,나레이션,,(나는 가장 피하고 싶었던 발표를 맡게되었다.),,,
stage3,나레이션,,(소심한 성격 탓에 먼저 빠르게 역할을 치고 나가지 못했다….),,,
stage3,,나,(발표 못하면 어떡하지? 하필 제일 긴장되는 건데…),,,
stage3,,팀원1,그럼 다들 역할 정하셨으니 화이팅해봐요.,,,
stage3,나레이션,,"(나는 발표 담당이지만, 마냥 기다리기에는 눈치가 보인다.)",,,
stage3,나레이션,,(나는 팀플기간 동안 팀원들을 조금씩 도와주면서 발표 준비를 했다.),,,
stage3,,나,팀플에 자격증에 시험공부까지 미치겠다!,,,
stage3,,나,조금만 쉬었다 할까?,,,
stage3,선택지2,,쉰다.,,s3_rest,
stage3,선택지2,,일한다.,,s3_dontRest,
,,,,,,
s3_rest,나레이션,,(나는 미래의 자신에게 일을 맡기고 혼자서 게임하면서 놀았다. 하지만 마음은 불편했다.),,,
s3_rest,나레이션,,(멘탈지수 소폭 하락),,,-10
s3_rest,나레이션,,(결국 나는 학업도 준비도 몰아서 급하게 할수 밖에 없었다.),,s3_ppt,
,,,,,,
s3_dontRest,나레이션,,(대학생활은 대충보면 고등학교의 생활보다 훨씬 쉬워보였다.),,,
s3_dontRest,나레이션,,(고등학교처럼 하루종일 길게 공부를 하기보다는 강의가 없으면 아예 안나가는 것도 가능하니까.),,,
s3_dontRest,나레이션,,"(하지만, 결코 현실은 녹록치 않다.)",,,
s3_dontRest,나레이션,,"(대학생활은 다들 성인이니만큼, 스스로의 행동을 책임져야한다.)",,,
s3_dontRest,나레이션,,(강의시간과 별도로 스스로 해야하는 공부가 너무나 많다.),,,
s3_dontRest,나레이션,,(하는 것은 본인 자유다. 스스로의 마음이 편안한 쪽으로 가야한다.),,,
s3_dontRest,,나,"게임하는게 즐거워도, 마음이 불편하면 결국 안된다.",,,
s3_dontRest,,나,"공부하는게 힘들어도, 마음이 뿌듯하면 된거야.",,,
s3_dontRest,나레이션,,(나는 1학년때와는 많이 달라졌다.),,,
s3_dontRest,나레이션,,(1학년때는 집보다 자주 갔던 피씨방을 거의 가지 않는다.),,,
s3_dontRest,나레이션,,(학년이 지날수록 스스로 고뇌하고 자기성찰을 한다.),,,
s3_dontRest,나레이션,,(나는 시간이 지날수록 성장하는 것이 느껴졌다.),,,
s3_dontRest,,나,예전에는 팀플 하나를 하면 학기내내 불안하고 무서웠는데…,,,
s3_dontRest,,나,지금은 내가 발표자를 해도 무던해지는구나….,,,
s3_dontRest,나레이션,,"(사람은 적응의 동물이듯이, 결국 나는 적응한다.)",,,
s3_dontRest,나레이션,,멘탈지수 소폭 상승,,s3_ppt,10
,,,,,,
s3_ppt,,나,벌써 발표가 다음주네. 시간 진짜 빠르다.,,,
s3_ppt,,나,[다들 발표자료 어떻게 되어가시나요??],,,
s3_ppt,,팀원3,[네 지금 ppt작성 거의 완료했습니다. 확인해보시면 될거 같아요.],,,
s3_ppt,,나,[네 알겠습니다.],,,
s3_ppt,,나,막상 발표가 다가오니까 너무 긴장되네.,,,
s3_ppt,나레이션,,(나는 올라온 ppt를 보면서 발표 대본을 만들면서 연습하기 시작한다.),,,
s3_ppt,나레이션,,"(학업과 발표준비를 하다보니, 벌써 발표의 날이 다가왔다.)",,,
s3_ppt,,팀원1,화이팅하세요!,ToClass3,,
s3_ppt,,나,네 가볼게요.,,,
s3_ppt,나레이션,,"(교수님과 학우들이 지켜보는 사이, 나는 앞으로 나섰다.)",,,
s3_ppt,끝,,,StartStage3,,
,,,,,,
s3_success,나레이션,,(발표가 무사히 끝났다.),ToClass3,,
s3_success,,팀원1,고생하셨습니다!,,,
s3_success,,팀원2,고생하셨습니다.,,,
s3_success,,나,다행이네요.,,,
s3_success,나레이션,,(나는 이제야 긴장이 풀린다.),,,
s3_success,,나,진짜 다행이다. 별탈없이 끝났네.,,,
s3_success,나레이션,,(나는 덤덤하게 스스로 생각한다.),,,
s3_success,나레이션,,멘탈지수 상승,,s3_exam,50
,,,,,,
s3_fail,,나,정말 죄송합니다. 긴장해서 좀 절었네요.,ToClass3,,
s3_fail,,팀원1,괜찮아요. 고생하셨습니다.,,,
s3_fail,,팀원2,고생하셨습니다.,,,
s3_fail,나레이션,,(팀원들이 말은 이렇게 해줘도 나의 마음은 불편하다.),,,
s3_fail,,나,죄송합니다.,,,
s3_fail,나레이션,,멘탈지수 하락,,s3_exam,-50
,,,,,,
s3_exam,나레이션,,"(시간이 지나고, 시험날이 다가왔다.)",,,
s3_exam,,나,3학년 되니까 정신이 하나도 없네.,,,
s3_exam,,나,"매일같이 열심히 하는 거 같은데, 왜 해도해도 끝이 안나는 거지?",,,
s3_exam,나레이션,,"(나는 학년이 지날수록 적응하지만, 그만큼 할 일도 많아진다.)",,,
s3_exam,,나,이번 시험도 그럭저럭이네.,,,
s3_exam,나레이션,,"(그래도 공부를 전체적으로 했는지, 망하지는 않은 모양이다.)",,,
s3_exam,,나,"1학년때는 놀기만 했는데, 3학년이 되니까 놀수가 없네.",,,
s3_exam,나레이션,,(시험이 끝나고 잠시 쉬는 나. 친구가 연락이 온다.),ToRoom,,
s3_exam,,대학친구2,야 노래방이나 갈래?,,,
s3_exam,선택지2,,간다.,,s3_sing,
s3_exam,선택지2,,안 간다.,,s3_dontSing,
,,,,,,
s3_sing,,나,그럴까?,,,
s3_sing,나레이션,,(노래방에 도착한 나와 친구. 오랜만에 스트레스를 푼다.),ToCoinSong,,
s3_sing,,대학친구2,야 잘 부르네? 근데 절친은 왜 갑자기 휴학함?,,,
s3_sing,,나,몰라. 꿈을 찾았겠지.,,,
s3_sing,,대학친구2,뭔 꿈? 피씨방 사장?,,,
s3_sing,,나,현실적인데?,,,
s3_sing,나레이션,,(실없는 소리를 하면서 노래를 부른다. 그리고 오랜만에 이렇게 노래하니 기분이 좋다.),,,
s3_sing,나레이션,,멘탈지수 소폭 상승,,s3_vacation,10
,,,,,,
s3_dontSing,,나,아니 나 괜찮아.,,,
s3_dontSing,나레이션,,"(집에 돌아온 나, 괜히 집중이 되지 않는다. 차라리 스트레스라도 풀고 올걸이라고 생각한다.)",ToRoom,,
s3_dontSing,나레이션,,멘탈지수 소폭 하락,,,-10
s3_dontSing,나레이션,,(책상에 앉아서 가만히 친구에 대하여 생각한다.),,,
s3_dontSing,,나,그러고 보니까 그렇게 친하게 지냈는데.,,,
s3_dontSing,,나,왜 갑자기 휴학한 거지?,,,
s3_dontSing,나레이션,,"(당장 연락해서 물어보고 싶었지만, 어쩐지 선뜻 물어볼 수가 없었다.)",,,
s3_dontSing,나레이션,,(이유가 있겠거니 하며 잠에 들었다.),,s3_vacation,
,,,,,,
s3_vacation,나레이션,,(시간이 지나고 방학이 되었다.),,,
s3_vacation,,나,네 어서오세요.,ToStore,,
s3_vacation,,나,4500원입니다.,,,
s3_vacation,나레이션,,(틈틈히 알바를 하는 나. 멍하니 상념에 잠기는 경우가 많다.),,,
s3_vacation,나레이션,,(편의점 알바는 망상하기 좋은 장소다.),,,
s3_vacation,,나,돈 많은 백수가 되고싶다.,,,
s3_vacation,나레이션,,"(알바하랴, 자격증 공부하랴, 졸업요건 채우랴, 방학은 순식간에 지나갔다.)",,,
s3_vacation,나레이션,,"(시간이 지나고, 새학기가 되었다.)",ToClass4,,
s3_vacation,,나,이번 학기가 끝나면 벌써 4학년 졸업이 다가오네…..,,,
s3_vacation,,나,"한게 없는데, 이대로 졸업을 한다고?",,,
s3_vacation,나레이션,,"(4년은 엄청 빠르다는 것을 안 나, 지나간 시간은 돌이킬 수 없다.)",,,
s3_vacation,,나,이번 학기는 왜 이렇게 어려워?,,,
s3_vacation,나레이션,,(전공 핵심과목들을 상당히 많이 들은 나. 솔직히 버겁다.),,,
s3_vacation,,대학교수3,….그래서 여기는 이렇게 처리가 됩니다.,,,
s3_vacation,,나,………,,,
s3_vacation,나레이션,,(주변 학생들은 다들 고개를 끄덕인다. 정말 알고 끄덕이는 걸까?),,,
s3_vacation,,나,(끄덕끄덕),,,
s3_vacation,나레이션,,(나도 괜히 교수님 말씀하시는데 고개를 끄덕여 본다.),,,
s3_vacation,,나,(솔직히 1도 모르겠는데),,,
s3_vacation,나레이션,,(이번 학기는 큰일난 것 같다.),,,
s3_vacation,,나,아 공부하기 싫어!,ToRoom,,
s3_vacation,,나,너무 어려운데 하기가 싫네.,,,
s3_vacation,나레이션,,(해야 할 것이 너무 어려우면 오히려 늦게 시작하는 법. 이러다 포기한다.),,,
s3_vacation,,나,조금만 쉬었다가 하자. 조금만…,,,
s3_vacation,나레이션,,"(하나 둘씩 과제가 올라오지만, 나는 너무나도 하기 싫어서 미룬다.)",,,
s3_vacation,,나,"아 이제 해야하는데, 어떡하지?",,,
s3_vacation,선택지2,,이제부터라도 조금씩 시작한다.,,s3_study,
s3_vacation,선택지2,,조금만 더 쉰다.,,s3_dontStudy,
,,,,,,
s3_study,,나,그래도 지금부터는 해야지. 지금 안하면 답없다 이거.,,,
s3_study,나레이션,,(어렵지만 조금씩 해보는 나. 자신을 이겨낸 모습이 대단하다.),,,
s3_study,나레이션,,(불빛은 오랫동안 나이 과제하는 모습을 비춘다.),,,
s3_study,나레이션,,멘탈지수 소폭 상승,,s3_exam2,10
,,,,,,
s3_dontStudy,,나,어차피 늦었다. 그냥 대충해서 내자.,,,
s3_dontStudy,나레이션,,"(쉬어도 마음이 불편한데, 공부는 더 하기 싫은 너무나도 짜증나는 상황.)",,,
s3_dontStudy,나레이션,,(나는 마음이 불편해도 쉬는 것을 택한다.),,,
s3_dontStudy,,나,아 이젠 정말 해야 하는데….,,,
s3_dontStudy,,나,오늘 밤까지 제출인데 미치겠네.,,,
s3_dontStudy,나레이션,,"(결국, 나는 미루다가 대충 과제를 제출하고 말았다.)",,,
s3_dontStudy,나레이션,,멘탈지수 소폭 하락,,s3_exam2,-10
,,,,,,
s3_exam2,나레이션,,(시간이 흘러서 시험기간이 되었다.),ToLibrary,,
s3_exam2,,나,"아, 진짜 너무 어렵네.",,,
s3_exam2,,대학친구2,야 그러게 나눠서 듣지. 왜 몰아 듣냐?,,,
s3_exam2,,나,미래의 내가 다 할거라고 생각했는데. 그런데 너무 어렵다. 정신 나가겠네.,,,
s3_exam2,,대학친구2,정신이 나가 버린건 과거의 너였고.,,,
s3_exam2,,나,야 뭐 도움될만한거 없냐? 족보있잖아.,,,
s3_exam2,,대학친구2,여기 있다. 달달 외어라.,,,
s3_exam2,,나,굿. 좋았다.,,,
s3_exam2,나레이션,,(말없이 외우는 나. 이제는 이런 상황이 익숙하다.),,,
s3_exam2,나레이션,,"(시험날이 되었고, 나는 족보의 힘으로 그럭저럭 시험을 보고 나왔다.)",,,
s3_exam2,,나,으아…. 피곤하다.,,,
s3_exam2,나레이션,,(나는 어제 밤을 새서 너무나도 피곤했다.),,,
s3_exam2,,나,야. 나 먼저 갈게.,,,
s3_exam2,,대학친구2,어 그래. 가라.,,,
s3_exam2,,나,너무 피곤하다.,,,
s3_exam2,나레이션,,(이내 집에 도착한 나는 침대에 누워 잠을 청했다.),ToRoom,,
s3_exam2,나레이션,,(그렇게 3학년이 끝나가고 있었다.),,,
s3_exam2,끝,,,EndStage,,
,,,,,,
,,,,,,
,,,,,,
,,,,,,
,,,,,,
,,,,,,
stage4,나레이션,,(3학년의 마지막이 끝나고 방학이 찾아왔다.),ToRoom,,
stage4,,나,이제 방학도 얼마 없어. 어떡하지?,,,
stage4,,나,"졸업준비도 슬슬 해야 하고, 인턴 면접 할게 더 많네?",,,
stage4,나레이션,,"(말은 이렇게 하는데, 행동은 정말 하기 싫어하는 모양이다.)",,,
stage4,,나,진짜 하자. 딱 1년만 빡세게 하자고. 공부 열심히 했잖아.,,,
stage4,나레이션,,(나는 이번 방학에는 가고 싶은 회사나 요구조건 등을 조사했다.),,,
stage4,,나,졸업평가도 해야지.,,,
stage4,,나,왜 항상 우리는 단계를 나아가려면 평가를 거쳐야 할까?,,,
stage4,나레이션,,(이제는 구조적인 문제에 의문을 가지는 나.의문을 가져도 어쩔 수 없다.),,,
stage4,,나,그냥 아무 생각없이 하자.,,,
stage4,나레이션,,"(시간이 지나고, 4학년이 시작되었다.)",,,
stage4,,나,오 야 진짜 오랜만이다!,ToSchool,,
stage4,,대학친구1,어 휴학안하고 어떻게 버텼냐 ㅋㅋ,,,
stage4,,나,모르겠다. 저번학기 진짜 힘들었음.,,,
stage4,,대학친구1,어 그래. 그래도 버텼네.,,,
stage4,,나,야 그보다 너는 1년동안 뭐했냐?,,,
stage4,,대학친구1,나? 그냥 여행갔다왔음.,,,
stage4,,나,여행을 1년동안?,,,
stage4,,대학친구1,이때까지 돈 모은걸로 이곳저곳 다녀왔지.,,,
stage4,,나,오…. 그래서 어땠는데?,,,
stage4,,대학친구1,그냥 뭐…. 좋았지.,,,
stage4,,나,좋겠다. 세계여행도 갔다 오고.,,,
stage4,,대학친구1,근들갑이야. 다 하면 돼~,,,
stage4,,나,그래…. 나도 이번 년도 끝나면 바로 여행가야겠네.,,,
stage4,,대학친구1,그러고 보니까 마지막이네.,,,
stage4,,대학친구1,이야. 만난지 엇그제 같은데 벌써 마지막이야?,,,
stage4,,나,세월 빠르다. 진짜 빠름.,,,
stage4,,대학친구1,"오랜만에 만났는데, 피씨방 한번 어떠냐?",,,
stage4,,나,그래.,,,
stage4,나레이션,,(3학년에 거의 가지 않던 피씨방에 오랜만에 절친과 가는 나.),ToPCRoom,,
stage4,,나,야 같이 하니까 진짜 재밌네.,,,
stage4,,대학친구1,힘들 때 말해라. 가끔씩 게임하자.,,,
stage4,,나,그래. 고맙다.,,,
stage4,나레이션,,(4학년의 초창기가 이렇게 지나간다.),ToCafe,,
stage4,나레이션,,(나는 졸업평가와 학업 그리고 인턴 작업 조사 등 어려가지 일들을 병행중이다.),,,
stage4,,나,"3학년 때에도 할 게 진짜 많았는데, 4학년은 비교가 안되네.",,,
stage4,나레이션,,"(3학년의 팀플 경험으로 다져진 나는, 졸업평가 팀플레이도 적응하면서 진행중이다.)",,,
stage4,,나,네. 다들 다음 시간에 뵐게요.,,,
stage4,나레이션,,"(여느 때와 같이 팀플이 끝나고, 나는 인턴 회사 조사를 한다.)",ToRoom,,
stage4,,나,조건 보면서 하면 답이 없다. 되는 거 다 넣어보자.,,,
stage4,나레이션,,(힘든 현실을 자각하는 나. 본인이 선택하는 것이 아닌 상대가 나를 선택하는 것을 깨닫는다.),,,
stage4,나레이션,,"(그렇게 시간이 지나가고, 나의 일상도 계속되었다.)",,,
stage4,,대학교수2,…….오늘 강의는 여기까지 입니다.,ToClass4,,
stage4,,대학친구1,야 오늘 뭐 일없냐? 술이나 마실래?,,,
stage4,,나,아 미안하다. 내가 오늘 좀 바빠서.,,,
stage4,,대학친구1,아 그래? 알겠다.,,,
stage4,끝,,,StartStage4,,
